{
  "experiment": "exp-006-signal-detection",
  "timestamp": "2026-02-11T13:01:26",
  "sanity_checks": {
    "N_samples": 454164,
    "N_sessions": 248,
    "ybar_train_long": 0.32220094758597223,
    "ybar_train_short": 0.3241048063384742,
    "n_train_sessions": 149,
    "n_val_sessions": 50,
    "n_test_sessions": 49,
    "n_train_rows": 276281,
    "n_val_rows": 90049,
    "sanity_ok": true
  },
  "mve": {
    "bs_logistic_long": 0.2167793347339828,
    "bs_constant_long": 0.21665046433291163,
    "lr_beats_constant": false
  },
  "primary": {
    "logistic_long": {
      "brier_model": 0.2167793347339828,
      "brier_constant": 0.21665046433291163,
      "bss": -0.0007050466680917911,
      "delta": -0.00012887040107118912,
      "delta_ci_lower": -0.0003298012404791996,
      "delta_ci_upper": 7.764965922533409e-05,
      "p_value": 0.897
    },
    "gbt_long": {
      "brier_model": 0.21722609874818355,
      "brier_constant": 0.21665046433291163,
      "bss": -0.0027674157782702213,
      "delta": -0.0005756344152719306,
      "delta_ci_lower": -0.000981054929388439,
      "delta_ci_upper": -0.00018338318206212356,
      "p_value": 1.0
    },
    "logistic_short": {
      "brier_model": 0.2184907901990017,
      "brier_constant": 0.21843068383065148,
      "bss": -0.0002898695757111991,
      "delta": -6.01063683502348e-05,
      "delta_ci_lower": -0.00025430116965423523,
      "delta_ci_upper": 0.00012956168029113133,
      "p_value": 0.751
    },
    "gbt_short": {
      "brier_model": 0.21884450378922296,
      "brier_constant": 0.21843068383065148,
      "bss": -0.0019092335805159788,
      "delta": -0.00041381995857149486,
      "delta_ci_lower": -0.0007513979613987634,
      "delta_ci_upper": -7.010009925525997e-05,
      "p_value": 0.991
    }
  },
  "secondary": {
    "constant_long": {
      "brier": 0.21665046433291163
    },
    "logistic_long": {
      "brier": 0.2167793347339828,
      "bss": -0.0007050466680917911,
      "max_pred": 0.5246671287948551,
      "calibration": {
        "mean_predicted": [
          0.055418124037039454,
          0.13471062886699975,
          0.2916971757109676,
          0.32375505680964634,
          0.42307082930287465,
          0.5136070166920664
        ],
        "fraction_positive": [
          0.0,
          0.038461538461538464,
          0.3089250814332248,
          0.3182696866907393,
          0.3283582089552239,
          0.6666666666666666
        ]
      },
      "cv_brier": [
        0.215572627571768,
        0.2208862801922436,
        0.21734182659018644,
        0.22333578829538173,
        0.21931766265056904
      ]
    },
    "gbt_long": {
      "brier": 0.21722609874818355,
      "bss": -0.0027674157782702213,
      "max_pred": 0.4787969507460872,
      "calibration": {
        "mean_predicted": [
          0.07652298706168048,
          0.1820526265614595,
          0.285606267721011,
          0.32895351041766924,
          0.41589648689931086
        ],
        "fraction_positive": [
          0.0,
          0.375,
          0.31400102197240676,
          0.3181855023910518,
          0.32450331125827814
        ]
      },
      "cv_brier": [
        0.21708586850216605,
        0.22265391867779194,
        0.2188336549156996,
        0.22339457410883237,
        0.2199584440802941
      ]
    },
    "constant_short": {
      "brier": 0.21843068383065148
    },
    "logistic_short": {
      "brier": 0.2184907901990017,
      "bss": -0.0002898695757111991,
      "max_pred": 0.5492226405468922,
      "calibration": {
        "mean_predicted": [
          0.04982179663327176,
          0.13299303574631854,
          0.29095032665240816,
          0.3250599419649025,
          0.41931097899303404,
          0.5401522750408491
        ],
        "fraction_positive": [
          0.0,
          0.0,
          0.3157894736842105,
          0.3228471266096655,
          0.2818181818181818,
          0.6666666666666666
        ]
      },
      "cv_brier": [
        0.22453953025517162,
        0.21434227972498934,
        0.22548423448986213,
        0.21519774497394895,
        0.21560551754829652
      ]
    },
    "gbt_short": {
      "brier": 0.21884450378922296,
      "bss": -0.0019092335805159788,
      "max_pred": 0.5364173973452139,
      "calibration": {
        "mean_predicted": [
          0.0729534134610266,
          0.16711056152266865,
          0.2863279932361874,
          0.32765875572685815,
          0.42562989328505624,
          0.5162108201766624
        ],
        "fraction_positive": [
          0.0196078431372549,
          0.2,
          0.32793926680651286,
          0.3218820390854065,
          0.3325740318906606,
          0.09090909090909091
        ]
      },
      "cv_brier": [
        0.2265724406767248,
        0.2151277080944673,
        0.22624939258488228,
        0.21568992339376153,
        0.2161773994091704
      ]
    },
    "profitability_bound": {
      "threshold": 0.4,
      "note": "p > 0.40 needed for C=2, R=10"
    },
    "signal_found": false
  },
  "success_criteria": {
    "C1_signal_detected": false,
    "C2_bss_gte_0005": false,
    "C2_best_bss": -0.0002898695757111991,
    "C2_best_pair": "logistic/short",
    "C3_cv_consistency": true,
    "sanity_ok": true
  },
  "resource_usage": {
    "gpu_hours": 0,
    "wall_clock_seconds": 74.3,
    "total_training_steps": 0,
    "total_runs": 4
  },
  "abort_triggered": false,
  "abort_reason": null,
  "notes": null
}