{
  "experiment": "exp-009-realistic-barrier-sweep",
  "timestamp": "2026-02-12T06:59:31",
  "bar_size": 2000,
  "configs": [
    {
      "R_ticks": 10,
      "a": 20,
      "b": 10,
      "t_max": 40,
      "n_samples": 108449,
      "n_sessions": 248,
      "ybar_long": 0.32391262252302927,
      "ybar_short": 0.32647603942867154,
      "timeout_rate_long": 0.002600300602126345,
      "timeout_rate_short": 0.0025357541332792373,
      "mean_tau_long": 3.4182703390533797,
      "mean_tau_short": 3.3946739942277016,
      "gate_passed": true,
      "brier_constant_long": 0.2175192835642457,
      "brier_logistic_long": 0.21800534215275172,
      "bss_logistic_long": -0.0023664347415179865,
      "delta_logistic_long": {
        "delta": -0.0004860585885060128,
        "ci_lower": -0.0009460148350079185,
        "ci_upper": -1.8827129388677762e-05,
        "p_value": 0.982
      },
      "lr_converged_long": true,
      "brier_constant_short": 0.2208160643601682,
      "brier_logistic_short": 0.22153523408534723,
      "bss_logistic_short": -0.0032916123639130657,
      "delta_logistic_short": {
        "delta": -0.0007191697251790312,
        "ci_lower": -0.0011392495698378385,
        "ci_upper": -0.00027535978680780736,
        "p_value": 1.0
      },
      "lr_converged_short": true
    },
    {
      "R_ticks": 20,
      "a": 40,
      "b": 20,
      "t_max": 80,
      "n_samples": 108449,
      "n_sessions": 248,
      "ybar_long": 0.3185829283810824,
      "ybar_short": 0.3211832289832087,
      "timeout_rate_long": 0.003291869911202501,
      "timeout_rate_short": 0.0031535560493872695,
      "mean_tau_long": 12.199107414545086,
      "mean_tau_short": 12.275097050226373,
      "gate_passed": true,
      "brier_constant_long": 0.21412581917820298,
      "brier_logistic_long": 0.21494730789930266,
      "bss_logistic_long": -0.0044530457779548005,
      "delta_logistic_long": {
        "delta": -0.0008214887210997361,
        "ci_lower": -0.0015131031831332141,
        "ci_upper": -0.00011474026849907104,
        "p_value": 0.988
      },
      "lr_converged_long": true,
      "brier_constant_short": 0.21944840673457505,
      "brier_logistic_short": 0.22019809331343845,
      "bss_logistic_short": -0.003450384691040531,
      "delta_logistic_short": {
        "delta": -0.0007496865788633678,
        "ci_lower": -0.0014974797524569775,
        "ci_upper": 5.657035931631458e-05,
        "p_value": 0.969
      },
      "lr_converged_short": true
    },
    {
      "R_ticks": 30,
      "a": 60,
      "b": 30,
      "t_max": 100,
      "n_samples": 108449,
      "n_sessions": 248,
      "ybar_long": 0.31212828149637156,
      "ybar_short": 0.31164879344207874,
      "timeout_rate_long": 0.0039834392202786565,
      "timeout_rate_short": 0.0042139623233040414,
      "mean_tau_long": 25.629392617728147,
      "mean_tau_short": 25.65517432157051,
      "gate_passed": true,
      "brier_constant_long": 0.20931915930247086,
      "brier_logistic_long": 0.21063400770068288,
      "bss_logistic_long": -0.008311063906045968,
      "delta_logistic_long": {
        "delta": -0.0013148483982120115,
        "ci_lower": -0.002223163455062944,
        "ci_upper": -0.0002940545969308328,
        "p_value": 0.997
      },
      "lr_converged_long": true,
      "brier_constant_short": 0.21375207511955271,
      "brier_logistic_short": 0.21336713561741774,
      "bss_logistic_short": 0.0016100519213755327,
      "delta_logistic_short": {
        "delta": 0.0003849395021349553,
        "ci_lower": -0.0007091793034715827,
        "ci_upper": 0.0014500026781590384,
        "p_value": 0.248
      },
      "lr_converged_short": true
    },
    {
      "R_ticks": 40,
      "a": 80,
      "b": 40,
      "t_max": 100,
      "n_samples": 108449,
      "n_sessions": 248,
      "ybar_long": 0.29688609392433307,
      "ybar_short": 0.29787273280528176,
      "timeout_rate_long": 0.005246705824857767,
      "timeout_rate_short": 0.00520060120425269,
      "mean_tau_long": 39.7777204031388,
      "mean_tau_short": 39.83086058884822,
      "gate_passed": true,
      "brier_constant_long": 0.20132602703750582,
      "brier_logistic_long": 0.20298771377023384,
      "bss_logistic_long": -0.011954821607040422,
      "delta_logistic_long": {
        "delta": -0.0016616867327280617,
        "ci_lower": -0.0028847424066123996,
        "ci_upper": -0.0005176350057557234,
        "p_value": 0.998
      },
      "lr_converged_long": true,
      "brier_constant_short": 0.20814120461356994,
      "brier_logistic_short": 0.20743464434423972,
      "bss_logistic_short": 0.0027472938538095626,
      "delta_logistic_short": {
        "delta": 0.0007065602693302335,
        "ci_lower": -0.0006713512766525871,
        "ci_upper": 0.00209551866263416,
        "p_value": 0.168
      },
      "lr_converged_short": true
    }
  ],
  "exp008_b2000_cross_reference": {
    "R12": {
      "bss_long": -0.0032,
      "bss_short": -0.0028
    },
    "R24": {
      "bss_long": -0.0059,
      "bss_short": -0.0019
    },
    "R36": {
      "bss_long": -0.0114,
      "bss_short": 0.0021
    }
  },
  "best_cell": {
    "R_ticks": 40,
    "label": "short",
    "bss": 0.0027472938538095626,
    "p_value": 0.168,
    "bonferroni_p": 1.0
  },
  "success_criteria": {
    "C1": false,
    "C2": false,
    "C3": true
  },
  "resource_usage": {
    "gpu_hours": 0,
    "wall_clock_seconds": 2254.8633151054382,
    "total_training_steps": 0,
    "total_runs": 4
  },
  "abort_triggered": false,
  "abort_reason": null,
  "notes": "Phase 1-4 completed. 4 configs analyzed. 4 gates passed, 0 gates failed. LR only (GBT excluded per spec). Bootstrap: n_boot=1000, block_size=50. Bonferroni correction for 8 tests (raw p < 0.00625)."
}