{
  "run_b": {
    "val_with_exec_cost": {
      "mean_return": -85.2249984741211,
      "std_return": 33.8439826965332,
      "sortino_ratio": -2.5181727409362793,
      "n_episodes": 5,
      "positive_episodes": 0
    },
    "test_with_exec_cost": {
      "mean_return": -63.599998474121094,
      "std_return": 60.48411178588867,
      "sortino_ratio": -1.5140258073806763,
      "n_episodes": 10,
      "positive_episodes": 3
    },
    "val_no_exec_cost": {
      "mean_return": -4.425000190734863,
      "std_return": 40.88960647583008,
      "sortino_ratio": -0.43140092492103577,
      "n_episodes": 5,
      "positive_episodes": 2
    },
    "test_no_exec_cost": {
      "mean_return": -5.025000095367432,
      "std_return": 48.19102096557617,
      "sortino_ratio": -0.2711939513683319,
      "n_episodes": 10,
      "positive_episodes": 4
    }
  },
  "run_c": {
    "val_with_exec_cost": {
      "mean_return": -64.5,
      "std_return": 59.23823547363281,
      "sortino_ratio": -1.330877423286438,
      "n_episodes": 5,
      "positive_episodes": 1
    },
    "test_with_exec_cost": {
      "mean_return": -77.57499694824219,
      "std_return": 53.5565185546875,
      "sortino_ratio": -1.4484697580337524,
      "n_episodes": 10,
      "positive_episodes": 0
    },
    "val_no_exec_cost": {
      "mean_return": 10.925000190734863,
      "std_return": 33.620174407958984,
      "sortino_ratio": 0.776888906955719,
      "n_episodes": 5,
      "positive_episodes": 3
    },
    "test_no_exec_cost": {
      "mean_return": -13.899999618530273,
      "std_return": 35.87451171875,
      "sortino_ratio": -0.5909023880958557,
      "n_episodes": 10,
      "positive_episodes": 6
    }
  },
  "run_a_cross": {
    "val_no_exec_cost": {
      "mean_return": 24.100000381469727,
      "std_return": 39.6854362487793,
      "sortino_ratio": 4.943589687347412,
      "n_episodes": 5,
      "positive_episodes": 3
    },
    "test_no_exec_cost": {
      "mean_return": -21.837499618530273,
      "std_return": 43.42310333251953,
      "sortino_ratio": -0.5361213088035583,
      "n_episodes": 10,
      "positive_episodes": 4
    }
  }
}