{
  "run-a": {
    "mean_trades": 162.8,
    "std_trades": 42.49188157754373,
    "mean_ep_length": 347.7,
    "trade_counts": [
      218,
      135,
      163,
      218,
      96,
      144,
      207,
      99,
      181,
      167
    ],
    "ep_lengths": [
      444,
      291,
      346,
      456,
      230,
      277,
      436,
      226,
      405,
      366
    ]
  },
  "run-b": {
    "mean_trades": 199.7,
    "std_trades": 52.568146248464956,
    "mean_ep_length": 347.7,
    "trade_counts": [
      275,
      166,
      189,
      278,
      118,
      158,
      233,
      136,
      224,
      220
    ],
    "ep_lengths": [
      444,
      291,
      346,
      456,
      230,
      277,
      436,
      226,
      405,
      366
    ]
  },
  "run-c": {
    "mean_trades": 223.5,
    "std_trades": 54.05968923329101,
    "mean_ep_length": 347.7,
    "trade_counts": [
      271,
      187,
      228,
      320,
      148,
      178,
      286,
      160,
      245,
      212
    ],
    "ep_lengths": [
      444,
      291,
      346,
      456,
      230,
      277,
      436,
      226,
      405,
      366
    ]
  }
}